English,French,frequency
quoth,quoth,61 
silence,silence,34 
prison,prison,32 
excellent,excellent,83 
version,version,1 
humble,humble,56 
vengeance,vengeance,103 
commission,commission,27 
violent,violent,37 
ambition,ambition,16 
cruel,cruel,54 
cardinal,cardinal,3 
respect,le respect,66 
tribunes,tribunes,15 
fatal,fatal,37 
service,un service,110 
courage,courage,31 
instant,instant,45 
question,question,86 
copies,copies,3 
pardon,pardon,149 
condition,état,21 
fruit,fruit,26 
cause,cause,207 
sport,sport,64 
lieutenant,lieutenant,6 
excuse,excuse,51 
humour,humour,62 
patience,la patience,55 
poison,poison,49 
didst,didst,140 
absence,absence,33 
substance,substance,26 
complexion,complexion,23 
double,double,62 
affections,affections,22 
chair,chaise,85 
certain,certain,116 
flatter,flatter,29 
affection,affection,37 
point,point,90 
patient,patient,33 
profit,profit,26 
innocent,innocent,40 
court,tribunal,61 
civil,civil,41 
charge,charge,128 
possible,possible,27 
train,train,71 
image,image,57 
occasion,occasion,54 
prince,prince,49 
action,action,67 
table,table,29 
disposition,disposition,23 
machine,machine,2 
constant,constant,36 
conscience,conscience,60 
durst,durst,43 
porter,porter,81 
noble,noble,546 
malice,malice,47 
chance,chance,69 
nature,la nature,187 
cousin,cousin,94 
danger,danger,86 
ignorant,ignorant,39 
passion,la passion,66 
forces,les forces,33 
prologue,prologue,12 
chaste,chaste,24 
figure,figure,27 
force,Obliger,76 
secret,secret,52 
suspect,suspect,30 
opinion,opinion,44 
argument,argument,38 
passage,passage,29 
sirrah,sirrah,3 
fortune,fortune,144 
